     Index,            Real component,       Imaginary component,                 Magnitude
         0,    -1.656010756448518e-03,     0.000000000000000e+00,     1.656010756448518e-03
         1,    -2.892832712676802e-04,     0.000000000000000e+00,     2.892832712676802e-04
         2,    -1.609933590416500e-02,     0.000000000000000e+00,     1.609933590416500e-02
         3,    -6.133883313065094e+03,     0.000000000000000e+00,     6.133883313065094e+03
         4,    -1.361669942826471e+06,     0.000000000000000e+00,     1.361669942826471e+06
         5,    -2.670690964826433e+07,     0.000000000000000e+00,     2.670690964826433e+07
